{
  "feature_names": [
    "MDVP:Fo(Hz)",
    "MDVP:Fhi(Hz)",
    "MDVP:Flo(Hz)",
    "MDVP:Jitter(%)",
    "MDVP:Jitter(Abs)",
    "MDVP:RAP",
    "MDVP:PPQ",
    "Jitter:DDP",
    "MDVP:Shimmer",
    "MDVP:Shimmer(dB)",
    "Shimmer:APQ3",
    "Shimmer:APQ5",
    "MDVP:APQ",
    "Shimmer:DDA",
    "NHR",
    "HNR",
    "RPDE",
    "DFA",
    "spread1",
    "spread2",
    "D2",
    "PPE"
  ],
  "shap_importance": {
    "spread2": 1.1156649589538574,
    "MDVP:Fhi(Hz)": 0.9085291624069214,
    "spread1": 0.7858929634094238,
    "PPE": 0.7720015048980713,
    "D2": 0.7101666331291199,
    "DFA": 0.5719241499900818,
    "MDVP:Fo(Hz)": 0.5367597341537476,
    "MDVP:RAP": 0.3078277111053467,
    "MDVP:Jitter(%)": 0.2791999280452728,
    "MDVP:APQ": 0.235757976770401,
    "NHR": 0.21988867223262787,
    "Shimmer:APQ5": 0.21574798226356506,
    "MDVP:Shimmer(dB)": 0.207266703248024,
    "MDVP:Jitter(Abs)": 0.1909511536359787,
    "Jitter:DDP": 0.13228735327720642,
    "HNR": 0.12594017386436462,
    "RPDE": 0.12580427527427673,
    "MDVP:Shimmer": 0.1045469418168068,
    "Shimmer:APQ3": 0.1035870760679245,
    "MDVP:PPQ": 0.06798896193504333,
    "MDVP:Flo(Hz)": 0.04114440828561783,
    "Shimmer:DDA": 0.0321592353284359
  },
  "model_comparison": {
    "Logistic Regression": {
      "accuracy": 0.7187902187902189,
      "recall": 0.7843010752688171,
      "mcc": 0.25130374417618356,
      "auc": 0.6935961768219833
    },
    "SVM (RBF)": {
      "accuracy": 0.68005148005148,
      "recall": 0.7828494623655914,
      "mcc": 0.18683669212842074,
      "auc": 0.7350418160095579
    },
    "Random Forest": {
      "accuracy": 0.7646074646074646,
      "recall": 0.8929569892473118,
      "mcc": 0.21931913464766026,
      "auc": 0.8052732974910395
    },
    "Gradient Boosting": {
      "accuracy": 0.7712998712998713,
      "recall": 0.9191935483870968,
      "mcc": 0.28384980393118997,
      "auc": 0.8532646356033453
    },
    "XGBoost": {
      "accuracy": 0.7747747747747746,
      "recall": 0.8798387096774192,
      "mcc": 0.3256238335966876,
      "auc": 0.7821953405017922
    }
  },
  "best_model_by_recall": "Gradient Boosting",
  "feature_descriptions": {
    "MDVP:Fo(Hz)": "Average vocal fundamental frequency",
    "MDVP:Fhi(Hz)": "Maximum vocal fundamental frequency",
    "MDVP:Flo(Hz)": "Minimum vocal fundamental frequency",
    "MDVP:Jitter(%)": "Variation in fundamental frequency (%)",
    "MDVP:Jitter(Abs)": "Absolute variation in fundamental frequency",
    "MDVP:RAP": "Relative average perturbation",
    "MDVP:PPQ": "5-point period perturbation quotient",
    "Jitter:DDP": "Average absolute difference of consecutive differences (period)",
    "MDVP:Shimmer": "Variation in amplitude",
    "MDVP:Shimmer(dB)": "Variation in amplitude (dB)",
    "Shimmer:APQ3": "3-point amplitude perturbation quotient",
    "Shimmer:APQ5": "5-point amplitude perturbation quotient",
    "MDVP:APQ": "11-point amplitude perturbation quotient",
    "Shimmer:DDA": "Average absolute differences (amplitude)",
    "NHR": "Noise-to-harmonic ratio",
    "HNR": "Harmonic-to-noise ratio",
    "RPDE": "Recurrence period density entropy",
    "DFA": "Detrended fluctuation analysis",
    "spread1": "Nonlinear measure of fundamental frequency variation",
    "spread2": "Nonlinear measure of fundamental frequency variation",
    "D2": "Correlation dimension",
    "PPE": "Pitch period entropy (most predictive)"
  }
}